file_name,file_path,page_count,text_chars,status,error
10632286.pdf,D:\论坛\线下\3\500-collection\10632286.pdf,5,30691,text,
10639602.pdf,D:\论坛\线下\3\500-collection\10639602.pdf,5,19743,text,
10690952.pdf,D:\论坛\线下\3\500-collection\10690952.pdf,6,26849,text,
10735626.pdf,D:\论坛\线下\3\500-collection\10735626.pdf,7,31196,text,
10754007.pdf,D:\论坛\线下\3\500-collection\10754007.pdf,9,44122,text,
10770146.pdf,D:\论坛\线下\3\500-collection\10770146.pdf,8,43056,text,
10775762.pdf,D:\论坛\线下\3\500-collection\10775762.pdf,41,127772,text,
10839746.pdf,D:\论坛\线下\3\500-collection\10839746.pdf,6,35261,text,
11119744.pdf,D:\论坛\线下\3\500-collection\11119744.pdf,5,24454,text,
11269890.pdf,D:\论坛\线下\3\500-collection\11269890.pdf,6,21142,text,
11331265.pdf,D:\论坛\线下\3\500-collection\11331265.pdf,7,35323,text,
11401245.pdf,D:\论坛\线下\3\500-collection\11401245.pdf,37,134984,text,
11401319.pdf,D:\论坛\线下\3\500-collection\11401319.pdf,8,36793,text,
11423497.pdf,D:\论坛\线下\3\500-collection\11423497.pdf,8,34035,text,
11442886.pdf,D:\论坛\线下\3\500-collection\11442886.pdf,11,36083,text,
11486104.pdf,D:\论坛\线下\3\500-collection\11486104.pdf,6,27351,text,
11522702.pdf,D:\论坛\线下\3\500-collection\11522702.pdf,5,28406,text,
11549670.pdf,D:\论坛\线下\3\500-collection\11549670.pdf,9,57509,text,
11589561.pdf,D:\论坛\线下\3\500-collection\11589561.pdf,10,37203,text,
11591560.pdf,D:\论坛\线下\3\500-collection\11591560.pdf,4,20280,text,
11606948.pdf,D:\论坛\线下\3\500-collection\11606948.pdf,10,48668,text,
11689026.pdf,D:\论坛\线下\3\500-collection\11689026.pdf,7,26374,text,
11719830.pdf,D:\论坛\线下\3\500-collection\11719830.pdf,6,25724,text,
11914243.pdf,D:\论坛\线下\3\500-collection\11914243.pdf,5,19880,text,
11933152.pdf,D:\论坛\线下\3\500-collection\11933152.pdf,2,6851,text,
11955810.pdf,D:\论坛\线下\3\500-collection\11955810.pdf,10,30700,text,
11970891.pdf,D:\论坛\线下\3\500-collection\11970891.pdf,4,22425,text,
12086087.pdf,D:\论坛\线下\3\500-collection\12086087.pdf,7,26149,text,
12170027.pdf,D:\论坛\线下\3\500-collection\12170027.pdf,8,39278,text,
12235187.pdf,D:\论坛\线下\3\500-collection\12235187.pdf,11,62701,text,
12364469.pdf,D:\论坛\线下\3\500-collection\12364469.pdf,7,41333,text,
12473547.pdf,D:\论坛\线下\3\500-collection\12473547.pdf,7,30878,text,
12615687.pdf,D:\论坛\线下\3\500-collection\12615687.pdf,8,43863,text,
12651839.pdf,D:\论坛\线下\3\500-collection\12651839.pdf,2,10409,text,
12654602.pdf,D:\论坛\线下\3\500-collection\12654602.pdf,7,30624,text,
12683949.pdf,D:\论坛\线下\3\500-collection\12683949.pdf,2,11156,text,
12713765.pdf,D:\论坛\线下\3\500-collection\12713765.pdf,13,45662,text,
12762824.pdf,D:\论坛\线下\3\500-collection\12762824.pdf,10,48780,text,
12795450.pdf,D:\论坛\线下\3\500-collection\12795450.pdf,2,6073,text,
12818350.pdf,D:\论坛\线下\3\500-collection\12818350.pdf,12,32669,text,
12826019.pdf,D:\论坛\线下\3\500-collection\12826019.pdf,7,37268,text,
12882844.pdf,D:\论坛\线下\3\500-collection\12882844.pdf,6,28697,text,
12928771.pdf,D:\论坛\线下\3\500-collection\12928771.pdf,6,29083,text,
14594778.pdf,D:\论坛\线下\3\500-collection\14594778.pdf,7,41286,text,
14610276.pdf,D:\论坛\线下\3\500-collection\14610276.pdf,6,33482,text,
14693713.pdf,D:\论坛\线下\3\500-collection\14693713.pdf,6,34690,text,
14715840.pdf,D:\论坛\线下\3\500-collection\14715840.pdf,7,44285,text,
14715842.pdf,D:\论坛\线下\3\500-collection\14715842.pdf,7,39108,text,
14988305.pdf,D:\论坛\线下\3\500-collection\14988305.pdf,3,13302,text,
15030794.pdf,D:\论坛\线下\3\500-collection\15030794.pdf,5,26299,text,
15051600.pdf,D:\论坛\线下\3\500-collection\15051600.pdf,5,26801,text,
15054038.pdf,D:\论坛\线下\3\500-collection\15054038.pdf,11,68119,text,
15130547.pdf,D:\论坛\线下\3\500-collection\15130547.pdf,8,46081,text,
15161783.pdf,D:\论坛\线下\3\500-collection\15161783.pdf,6,28633,text,
15197158.pdf,D:\论坛\线下\3\500-collection\15197158.pdf,3,5831,text,
15319263.pdf,D:\论坛\线下\3\500-collection\15319263.pdf,7,41360,text,
15486467.pdf,D:\论坛\线下\3\500-collection\15486467.pdf,7,36695,text,
15492304.pdf,D:\论坛\线下\3\500-collection\15492304.pdf,8,37728,text,
15531479.pdf,D:\论坛\线下\3\500-collection\15531479.pdf,10,51800,text,
15630039.pdf,D:\论坛\线下\3\500-collection\15630039.pdf,8,40558,text,
15656659.pdf,D:\论坛\线下\3\500-collection\15656659.pdf,5,24931,text,
15692505.pdf,D:\论坛\线下\3\500-collection\15692505.pdf,3,11093,text,
15705974.pdf,D:\论坛\线下\3\500-collection\15705974.pdf,2,10725,text,
15734843.pdf,D:\论坛\线下\3\500-collection\15734843.pdf,8,47603,text,
15736110.pdf,D:\论坛\线下\3\500-collection\15736110.pdf,5,20940,text,
15791607.pdf,D:\论坛\线下\3\500-collection\15791607.pdf,5,30454,text,
15869586.pdf,D:\论坛\线下\3\500-collection\15869586.pdf,6,31919,text,
15883442.pdf,D:\论坛\线下\3\500-collection\15883442.pdf,8,41730,text,
15894339.pdf,D:\论坛\线下\3\500-collection\15894339.pdf,14,43619,text,
15955086.pdf,D:\论坛\线下\3\500-collection\15955086.pdf,7,37069,text,
16011475.pdf,D:\论坛\线下\3\500-collection\16011475.pdf,31,102836,text,
16037102.pdf,D:\论坛\线下\3\500-collection\16037102.pdf,6,29067,text,
16050946.pdf,D:\论坛\线下\3\500-collection\16050946.pdf,11,44318,text,
16123356.pdf,D:\论坛\线下\3\500-collection\16123356.pdf,6,26860,text,
16198631.pdf,D:\论坛\线下\3\500-collection\16198631.pdf,7,30318,text,
16203870.pdf,D:\论坛\线下\3\500-collection\16203870.pdf,6,30710,text,
16224053.pdf,D:\论坛\线下\3\500-collection\16224053.pdf,15,47730,text,
16283158.pdf,D:\论坛\线下\3\500-collection\16283158.pdf,4,17679,text,
16299169.pdf,D:\论坛\线下\3\500-collection\16299169.pdf,21,88949,text,
16321621.pdf,D:\论坛\线下\3\500-collection\16321621.pdf,8,35451,text,
16341841.pdf,D:\论坛\线下\3\500-collection\16341841.pdf,7,32268,text,
16434491.pdf,D:\论坛\线下\3\500-collection\16434491.pdf,10,55061,text,
16436103.pdf,D:\论坛\线下\3\500-collection\16436103.pdf,20,113982,text,
16476485.pdf,D:\论坛\线下\3\500-collection\16476485.pdf,40,191566,text,
16586067.pdf,D:\论坛\线下\3\500-collection\16586067.pdf,8,33569,text,
16597707.pdf,D:\论坛\线下\3\500-collection\16597707.pdf,8,44680,text,
16601238.pdf,D:\论坛\线下\3\500-collection\16601238.pdf,7,38780,text,
16651004.pdf,D:\论坛\线下\3\500-collection\16651004.pdf,7,35334,text,
16685079.pdf,D:\论坛\线下\3\500-collection\16685079.pdf,12,76845,text,
16697306.pdf,D:\论坛\线下\3\500-collection\16697306.pdf,8,45563,text,
16713440.pdf,D:\论坛\线下\3\500-collection\16713440.pdf,9,46298,text,
16818923.pdf,D:\论坛\线下\3\500-collection\16818923.pdf,15,77333,text,
16873691.pdf,D:\论坛\线下\3\500-collection\16873691.pdf,9,55004,text,
16880474.pdf,D:\论坛\线下\3\500-collection\16880474.pdf,5,30625,text,
16902415.pdf,D:\论坛\线下\3\500-collection\16902415.pdf,14,1526,text,
16923531.pdf,D:\论坛\线下\3\500-collection\16923531.pdf,23,121717,text,
16936488.pdf,D:\论坛\线下\3\500-collection\16936488.pdf,5,30916,text,
16971979.pdf,D:\论坛\线下\3\500-collection\16971979.pdf,7,41340,text,
17030070.pdf,D:\论坛\线下\3\500-collection\17030070.pdf,9,42377,text,
17058223.pdf,D:\论坛\线下\3\500-collection\17058223.pdf,11,57663,text,
17065696.pdf,D:\论坛\线下\3\500-collection\17065696.pdf,3,14412,text,
17093944.pdf,D:\论坛\线下\3\500-collection\17093944.pdf,8,37848,text,
17105891.pdf,D:\论坛\线下\3\500-collection\17105891.pdf,3,12688,text,
17178974.pdf,D:\论坛\线下\3\500-collection\17178974.pdf,7,33115,text,
17233531.pdf,D:\论坛\线下\3\500-collection\17233531.pdf,10,46924,text,
17260006.pdf,D:\论坛\线下\3\500-collection\17260006.pdf,14,1526,text,
17322101.pdf,D:\论坛\线下\3\500-collection\17322101.pdf,10,41191,text,
17389465.pdf,D:\论坛\线下\3\500-collection\17389465.pdf,8,40143,text,
17526026.pdf,D:\论坛\线下\3\500-collection\17526026.pdf,11,52170,text,
17538581.pdf,D:\论坛\线下\3\500-collection\17538581.pdf,2,12028,text,
17538963.pdf,D:\论坛\线下\3\500-collection\17538963.pdf,4,17454,text,
17606858.pdf,D:\论坛\线下\3\500-collection\17606858.pdf,9,45681,text,
17674323.pdf,D:\论坛\线下\3\500-collection\17674323.pdf,8,38684,text,
17900236.pdf,D:\论坛\线下\3\500-collection\17900236.pdf,10,55820,text,
17981925.pdf,D:\论坛\线下\3\500-collection\17981925.pdf,9,37087,text,
18052121.pdf,D:\论坛\线下\3\500-collection\18052121.pdf,9,47663,text,
18093209.pdf,D:\论坛\线下\3\500-collection\18093209.pdf,10,36193,text,
18245661.pdf,D:\论坛\线下\3\500-collection\18245661.pdf,2,8768,text,
18356403.pdf,D:\论坛\线下\3\500-collection\18356403.pdf,6,33551,text,
18398108.pdf,D:\论坛\线下\3\500-collection\18398108.pdf,3,14043,text,
18404151.pdf,D:\论坛\线下\3\500-collection\18404151.pdf,4,22422,text,
18423768.pdf,D:\论坛\线下\3\500-collection\18423768.pdf,8,44540,text,
18426997.pdf,D:\论坛\线下\3\500-collection\18426997.pdf,8,40571,text,
18435716.pdf,D:\论坛\线下\3\500-collection\18435716.pdf,8,35567,text,
18445142.pdf,D:\论坛\线下\3\500-collection\18445142.pdf,9,33395,text,
18452148.pdf,D:\论坛\线下\3\500-collection\18452148.pdf,11,48429,text,
18487128.pdf,D:\论坛\线下\3\500-collection\18487128.pdf,11,65015,text,
18490149.pdf,D:\论坛\线下\3\500-collection\18490149.pdf,11,55167,text,
18664407.pdf,D:\论坛\线下\3\500-collection\18664407.pdf,6,33186,text,
18682312.pdf,D:\论坛\线下\3\500-collection\18682312.pdf,5,22224,text,
18687662.pdf,D:\论坛\线下\3\500-collection\18687662.pdf,8,38380,text,
18697204.pdf,D:\论坛\线下\3\500-collection\18697204.pdf,9,40650,text,
18723451.pdf,D:\论坛\线下\3\500-collection\18723451.pdf,22,151752,text,
18808154.pdf,D:\论坛\线下\3\500-collection\18808154.pdf,5,23592,text,
18988886.pdf,D:\论坛\线下\3\500-collection\18988886.pdf,6,35230,text,
19047320.pdf,D:\论坛\线下\3\500-collection\19047320.pdf,7,36732,text,
19064690.pdf,D:\论坛\线下\3\500-collection\19064690.pdf,5,24038,text,
19091699.pdf,D:\论坛\线下\3\500-collection\19091699.pdf,10,49541,text,
19106186.pdf,D:\论坛\线下\3\500-collection\19106186.pdf,6,20809,text,
19276210.pdf,D:\论坛\线下\3\500-collection\19276210.pdf,2,7981,text,
19303972.pdf,D:\论坛\线下\3\500-collection\19303972.pdf,9,42040,text,
19328876.pdf,D:\论坛\线下\3\500-collection\19328876.pdf,10,42292,text,
19332454.pdf,D:\论坛\线下\3\500-collection\19332454.pdf,3,16578,text,
19358938.pdf,D:\论坛\线下\3\500-collection\19358938.pdf,8,38322,text,
19394660.pdf,D:\论坛\线下\3\500-collection\19394660.pdf,7,33537,text,
19411084.pdf,D:\论坛\线下\3\500-collection\19411084.pdf,7,29961,text,
19416635.pdf,D:\论坛\线下\3\500-collection\19416635.pdf,4,20206,text,
19454589.pdf,D:\论坛\线下\3\500-collection\19454589.pdf,7,37801,text,
19479028.pdf,D:\论坛\线下\3\500-collection\19479028.pdf,7,49139,text,
19524177.pdf,D:\论坛\线下\3\500-collection\19524177.pdf,5,32347,text,
19604596.pdf,D:\论坛\线下\3\500-collection\19604596.pdf,13,67415,text,
19637289.pdf,D:\论坛\线下\3\500-collection\19637289.pdf,8,40781,text,
19725500.pdf,D:\论坛\线下\3\500-collection\19725500.pdf,2,11882,text,
19864623.pdf,D:\论坛\线下\3\500-collection\19864623.pdf,3,13810,text,
19896710.pdf,D:\论坛\线下\3\500-collection\19896710.pdf,7,47253,text,
19903921.pdf,D:\论坛\线下\3\500-collection\19903921.pdf,7,41932,text,
19913853.pdf,D:\论坛\线下\3\500-collection\19913853.pdf,5,26422,text,
20102727.pdf,D:\论坛\线下\3\500-collection\20102727.pdf,15,108845,text,
20110573.pdf,D:\论坛\线下\3\500-collection\20110573.pdf,11,51379,text,
20170799.pdf,D:\论坛\线下\3\500-collection\20170799.pdf,2,10631,text,
20226188.pdf,D:\论坛\线下\3\500-collection\20226188.pdf,11,44813,text,
20228092.pdf,D:\论坛\线下\3\500-collection\20228092.pdf,2,10393,text,
20350989.pdf,D:\论坛\线下\3\500-collection\20350989.pdf,6,29789,text,
20355858.pdf,D:\论坛\线下\3\500-collection\20355858.pdf,13,63622,text,
20423740.pdf,D:\论坛\线下\3\500-collection\20423740.pdf,9,42172,text,
20451188.pdf,D:\论坛\线下\3\500-collection\20451188.pdf,7,37206,text,
20484132.pdf,D:\论坛\线下\3\500-collection\20484132.pdf,3,15496,text,
20539011.pdf,D:\论坛\线下\3\500-collection\20539011.pdf,8,47564,text,
20655299.pdf,D:\论坛\线下\3\500-collection\20655299.pdf,8,35430,text,
20804624.pdf,D:\论坛\线下\3\500-collection\20804624.pdf,6,29084,text,
20840863.pdf,D:\论坛\线下\3\500-collection\20840863.pdf,13,59349,text,
20883926.pdf,D:\论坛\线下\3\500-collection\20883926.pdf,9,46699,text,
20956549.pdf,D:\论坛\线下\3\500-collection\20956549.pdf,2,8156,text,
20966403.pdf,D:\论坛\线下\3\500-collection\20966403.pdf,17,61114,text,
21044945.pdf,D:\论坛\线下\3\500-collection\21044945.pdf,6,34142,text,
21050233.pdf,D:\论坛\线下\3\500-collection\21050233.pdf,8,34451,text,
21104166.pdf,D:\论坛\线下\3\500-collection\21104166.pdf,7,35701,text,
21115612.pdf,D:\论坛\线下\3\500-collection\21115612.pdf,4,17902,text,
21119613.pdf,D:\论坛\线下\3\500-collection\21119613.pdf,11,66783,text,
21228269.pdf,D:\论坛\线下\3\500-collection\21228269.pdf,8,45932,text,
21306746.pdf,D:\论坛\线下\3\500-collection\21306746.pdf,8,40812,text,
21328303.pdf,D:\论坛\线下\3\500-collection\21328303.pdf,23,70517,text,
21330637.pdf,D:\论坛\线下\3\500-collection\21330637.pdf,12,53315,text,
21364657.pdf,D:\论坛\线下\3\500-collection\21364657.pdf,12,52253,text,
21368206.pdf,D:\论坛\线下\3\500-collection\21368206.pdf,6,37637,text,
21386085.pdf,D:\论坛\线下\3\500-collection\21386085.pdf,11,57446,text,
21415123.pdf,D:\论坛\线下\3\500-collection\21415123.pdf,12,65218,text,
21441846.pdf,D:\论坛\线下\3\500-collection\21441846.pdf,2,8860,text,
21521567.pdf,D:\论坛\线下\3\500-collection\21521567.pdf,7,33100,text,
21521824.pdf,D:\论坛\线下\3\500-collection\21521824.pdf,12,62606,text,
21565796.pdf,D:\论坛\线下\3\500-collection\21565796.pdf,12,61999,text,
21685500.pdf,D:\论坛\线下\3\500-collection\21685500.pdf,8,47215,text,
21692978.pdf,D:\论坛\线下\3\500-collection\21692978.pdf,6,28556,text,
21731492.pdf,D:\论坛\线下\3\500-collection\21731492.pdf,13,62386,text,
21740971.pdf,D:\论坛\线下\3\500-collection\21740971.pdf,4,22819,text,
21749988.pdf,D:\论坛\线下\3\500-collection\21749988.pdf,11,55965,text,
21816443.pdf,D:\论坛\线下\3\500-collection\21816443.pdf,8,39121,text,
21873563.pdf,D:\论坛\线下\3\500-collection\21873563.pdf,4,14802,text,
21885852.pdf,D:\论坛\线下\3\500-collection\21885852.pdf,8,39561,text,
21909126.pdf,D:\论坛\线下\3\500-collection\21909126.pdf,14,1526,text,
22075495.pdf,D:\论坛\线下\3\500-collection\22075495.pdf,9,46109,text,
22109684.pdf,D:\论坛\线下\3\500-collection\22109684.pdf,1,3317,text,
22156557.pdf,D:\论坛\线下\3\500-collection\22156557.pdf,3,13503,text,
22173167.pdf,D:\论坛\线下\3\500-collection\22173167.pdf,7,33397,text,
22215155.pdf,D:\论坛\线下\3\500-collection\22215155.pdf,2,10872,text,
22221818.pdf,D:\论坛\线下\3\500-collection\22221818.pdf,11,50878,text,
22305386.pdf,D:\论坛\线下\3\500-collection\22305386.pdf,1,5092,text,
22341881.pdf,D:\论坛\线下\3\500-collection\22341881.pdf,7,35793,text,
22405059.pdf,D:\论坛\线下\3\500-collection\22405059.pdf,2,9217,text,
22433604.pdf,D:\论坛\线下\3\500-collection\22433604.pdf,2,11828,text,
22539598.pdf,D:\论坛\线下\3\500-collection\22539598.pdf,17,60367,text,
22642539.pdf,D:\论坛\线下\3\500-collection\22642539.pdf,9,57779,text,
22698489.pdf,D:\论坛\线下\3\500-collection\22698489.pdf,10,42303,text,
22705092.pdf,D:\论坛\线下\3\500-collection\22705092.pdf,4,17781,text,
22715478.pdf,D:\论坛\线下\3\500-collection\22715478.pdf,10,49422,text,
22751848.pdf,D:\论坛\线下\3\500-collection\22751848.pdf,7,32537,text,
22791741.pdf,D:\论坛\线下\3\500-collection\22791741.pdf,8,36341,text,
22819464.pdf,D:\论坛\线下\3\500-collection\22819464.pdf,5,34508,text,
22872753.pdf,D:\论坛\线下\3\500-collection\22872753.pdf,12,61016,text,
23034718.pdf,D:\论坛\线下\3\500-collection\23034718.pdf,7,37482,text,
23041327.pdf,D:\论坛\线下\3\500-collection\23041327.pdf,13,51601,text,
23053554.pdf,D:\论坛\线下\3\500-collection\23053554.pdf,2,10065,text,
23083817.pdf,D:\论坛\线下\3\500-collection\23083817.pdf,5,30199,text,
23117724.pdf,D:\论坛\线下\3\500-collection\23117724.pdf,11,38529,text,
23128450.pdf,D:\论坛\线下\3\500-collection\23128450.pdf,10,46194,text,
23222454.pdf,D:\论坛\线下\3\500-collection\23222454.pdf,16,76791,text,
23242605.pdf,D:\论坛\线下\3\500-collection\23242605.pdf,10,53312,text,
23275099.pdf,D:\论坛\线下\3\500-collection\23275099.pdf,5,25045,text,
23316317.pdf,D:\论坛\线下\3\500-collection\23316317.pdf,2,74,possible_scan,
23355348.pdf,D:\论坛\线下\3\500-collection\23355348.pdf,11,53243,text,
23410562.pdf,D:\论坛\线下\3\500-collection\23410562.pdf,10,44223,text,
23420920.pdf,D:\论坛\线下\3\500-collection\23420920.pdf,8,42107,text,
23426429.pdf,D:\论坛\线下\3\500-collection\23426429.pdf,10,45407,text,
23475289.pdf,D:\论坛\线下\3\500-collection\23475289.pdf,8,30482,text,
23545272.pdf,D:\论坛\线下\3\500-collection\23545272.pdf,8,41246,text,
23547043.pdf,D:\论坛\线下\3\500-collection\23547043.pdf,4,13484,text,
23644489.pdf,D:\论坛\线下\3\500-collection\23644489.pdf,8,30306,text,
23757436.pdf,D:\论坛\线下\3\500-collection\23757436.pdf,7,37086,text,
23803883.pdf,D:\论坛\线下\3\500-collection\23803883.pdf,8,44318,text,
23817714.pdf,D:\论坛\线下\3\500-collection\23817714.pdf,6,32953,text,
23870067.pdf,D:\论坛\线下\3\500-collection\23870067.pdf,8,36579,text,
23982685.pdf,D:\论坛\线下\3\500-collection\23982685.pdf,1,5451,text,
23993559.pdf,D:\论坛\线下\3\500-collection\23993559.pdf,13,80043,text,
24070020.pdf,D:\论坛\线下\3\500-collection\24070020.pdf,23,118616,text,
24128468.pdf,D:\论坛\线下\3\500-collection\24128468.pdf,7,38386,text,
24134735.pdf,D:\论坛\线下\3\500-collection\24134735.pdf,7,36203,text,
24161338.pdf,D:\论坛\线下\3\500-collection\24161338.pdf,8,37623,text,
24169066.pdf,D:\论坛\线下\3\500-collection\24169066.pdf,8,51163,text,
24191863.pdf,D:\论坛\线下\3\500-collection\24191863.pdf,7,33664,text,
24201678.pdf,D:\论坛\线下\3\500-collection\24201678.pdf,9,35841,text,
24270984.pdf,D:\论坛\线下\3\500-collection\24270984.pdf,46,67385,text,
24274313.pdf,D:\论坛\线下\3\500-collection\24274313.pdf,7,42817,text,
24375485.pdf,D:\论坛\线下\3\500-collection\24375485.pdf,9,42602,text,
24464605.pdf,D:\论坛\线下\3\500-collection\24464605.pdf,13,44973,text,
24511105.pdf,D:\论坛\线下\3\500-collection\24511105.pdf,2,74,possible_scan,
24576922.pdf,D:\论坛\线下\3\500-collection\24576922.pdf,12,61517,text,
24732707.pdf,D:\论坛\线下\3\500-collection\24732707.pdf,7,40408,text,
24753592.pdf,D:\论坛\线下\3\500-collection\24753592.pdf,6,40948,text,
24777447.pdf,D:\论坛\线下\3\500-collection\24777447.pdf,13,59517,text,
24810685.pdf,D:\论坛\线下\3\500-collection\24810685.pdf,10,57672,text,
24825181.pdf,D:\论坛\线下\3\500-collection\24825181.pdf,52,121403,text,
24854276.pdf,D:\论坛\线下\3\500-collection\24854276.pdf,10,51422,text,
24964792.pdf,D:\论坛\线下\3\500-collection\24964792.pdf,7,44372,text,
25066281.pdf,D:\论坛\线下\3\500-collection\25066281.pdf,12,46179,text,
25114172.pdf,D:\论坛\线下\3\500-collection\25114172.pdf,2,74,possible_scan,
25125611.pdf,D:\论坛\线下\3\500-collection\25125611.pdf,6,27205,text,
25146383.pdf,D:\论坛\线下\3\500-collection\25146383.pdf,11,44805,text,
25173968.pdf,D:\论坛\线下\3\500-collection\25173968.pdf,7,35733,text,
25176403.pdf,D:\论坛\线下\3\500-collection\25176403.pdf,5,28356,text,
25181698.pdf,D:\论坛\线下\3\500-collection\25181698.pdf,7,42208,text,
25183341.pdf,D:\论坛\线下\3\500-collection\25183341.pdf,10,59445,text,
25228063.pdf,D:\论坛\线下\3\500-collection\25228063.pdf,16,104740,text,
25231583.pdf,D:\论坛\线下\3\500-collection\25231583.pdf,1,4043,text,
25313470.pdf,D:\论坛\线下\3\500-collection\25313470.pdf,10,49952,text,
25319795.pdf,D:\论坛\线下\3\500-collection\25319795.pdf,8,37086,text,
25443112.pdf,D:\论坛\线下\3\500-collection\25443112.pdf,8,35721,text,
25460526.pdf,D:\论坛\线下\3\500-collection\25460526.pdf,7,29696,text,
25462064.pdf,D:\论坛\线下\3\500-collection\25462064.pdf,7,52638,text,
25470667.pdf,D:\论坛\线下\3\500-collection\25470667.pdf,14,53769,text,
25483426.pdf,D:\论坛\线下\3\500-collection\25483426.pdf,9,53115,text,
25671768.pdf,D:\论坛\线下\3\500-collection\25671768.pdf,7,31469,text,
25672369.pdf,D:\论坛\线下\3\500-collection\25672369.pdf,2,74,possible_scan,
25679794.pdf,D:\论坛\线下\3\500-collection\25679794.pdf,59,104657,text,
25740694.pdf,D:\论坛\线下\3\500-collection\25740694.pdf,8,39123,text,
25836038.pdf,D:\论坛\线下\3\500-collection\25836038.pdf,9,47899,text,
25882821.pdf,D:\论坛\线下\3\500-collection\25882821.pdf,10,45850,text,
25998026.pdf,D:\论坛\线下\3\500-collection\25998026.pdf,6,35050,text,
26026653.pdf,D:\论坛\线下\3\500-collection\26026653.pdf,11,48605,text,
26081983.pdf,D:\论坛\线下\3\500-collection\26081983.pdf,11,56255,text,
26092075.pdf,D:\论坛\线下\3\500-collection\26092075.pdf,1,4444,text,
26099511.pdf,D:\论坛\线下\3\500-collection\26099511.pdf,19,69385,text,
26115345.pdf,D:\论坛\线下\3\500-collection\26115345.pdf,35,55316,text,
26181247.pdf,D:\论坛\线下\3\500-collection\26181247.pdf,3,19225,text,
26186300.pdf,D:\论坛\线下\3\500-collection\26186300.pdf,9,50961,text,
26314837.pdf,D:\论坛\线下\3\500-collection\26314837.pdf,9,34417,text,
26390046.pdf,D:\论坛\线下\3\500-collection\26390046.pdf,12,54262,text,
26452651.pdf,D:\论坛\线下\3\500-collection\26452651.pdf,2,6420,text,
26500300.pdf,D:\论坛\线下\3\500-collection\26500300.pdf,2,9989,text,
26558513.pdf,D:\论坛\线下\3\500-collection\26558513.pdf,9,49156,text,
26662572.pdf,D:\论坛\线下\3\500-collection\26662572.pdf,2,12556,text,
26671148.pdf,D:\论坛\线下\3\500-collection\26671148.pdf,13,85609,text,
26743335.pdf,D:\论坛\线下\3\500-collection\26743335.pdf,10,53196,text,
26774179.pdf,D:\论坛\线下\3\500-collection\26774179.pdf,37,62945,text,
26868194.pdf,D:\论坛\线下\3\500-collection\26868194.pdf,2,9072,text,
26884438.pdf,D:\论坛\线下\3\500-collection\26884438.pdf,31,51004,text,
26940808.pdf,D:\论坛\线下\3\500-collection\26940808.pdf,12,52647,text,
26979772.pdf,D:\论坛\线下\3\500-collection\26979772.pdf,27,42736,text,
27053230.pdf,D:\论坛\线下\3\500-collection\27053230.pdf,20,90356,text,
27089382.pdf,D:\论坛\线下\3\500-collection\27089382.pdf,12,77307,text,
27151343.pdf,D:\论坛\线下\3\500-collection\27151343.pdf,13,48745,text,
27286762.pdf,D:\论坛\线下\3\500-collection\27286762.pdf,10,51911,text,
27307576.pdf,D:\论坛\线下\3\500-collection\27307576.pdf,40,68252,text,
27318368.pdf,D:\论坛\线下\3\500-collection\27318368.pdf,4,4274,text,
27324217.pdf,D:\论坛\线下\3\500-collection\27324217.pdf,10,54144,text,
27334248.pdf,D:\论坛\线下\3\500-collection\27334248.pdf,13,20965,text,
27390295.pdf,D:\论坛\线下\3\500-collection\27390295.pdf,34,53382,text,
27497512.pdf,D:\论坛\线下\3\500-collection\27497512.pdf,64,86655,text,
27498874.pdf,D:\论坛\线下\3\500-collection\27498874.pdf,13,58661,text,
27694568.pdf,D:\论坛\线下\3\500-collection\27694568.pdf,12,58645,text,
27720403.pdf,D:\论坛\线下\3\500-collection\27720403.pdf,8,51807,text,
27725658.pdf,D:\论坛\线下\3\500-collection\27725658.pdf,9,59986,text,
27773555.pdf,D:\论坛\线下\3\500-collection\27773555.pdf,7,47638,text,
27810989.pdf,D:\论坛\线下\3\500-collection\27810989.pdf,8,44275,text,
27917591.pdf,D:\论坛\线下\3\500-collection\27917591.pdf,32,57441,text,
27940769.pdf,D:\论坛\线下\3\500-collection\27940769.pdf,7,21234,text,
28001147.pdf,D:\论坛\线下\3\500-collection\28001147.pdf,12,54910,text,
28167702.pdf,D:\论坛\线下\3\500-collection\28167702.pdf,31,66371,text,
28183450.pdf,D:\论坛\线下\3\500-collection\28183450.pdf,40,59529,text,
28209760.pdf,D:\论坛\线下\3\500-collection\28209760.pdf,60,71562,text,
28238358.pdf,D:\论坛\线下\3\500-collection\28238358.pdf,15,75054,text,
28239649.pdf,D:\论坛\线下\3\500-collection\28239649.pdf,19,13174,text,
28285651.pdf,D:\论坛\线下\3\500-collection\28285651.pdf,25,43367,text,
28482552.pdf,D:\论坛\线下\3\500-collection\28482552.pdf,5,24082,text,
28495699.pdf,D:\论坛\线下\3\500-collection\28495699.pdf,2,74,possible_scan,
28501436.pdf,D:\论坛\线下\3\500-collection\28501436.pdf,12,60611,text,
28578064.pdf,D:\论坛\线下\3\500-collection\28578064.pdf,46,71786,text,
28596304.pdf,D:\论坛\线下\3\500-collection\28596304.pdf,11,54726,text,
28602797.pdf,D:\论坛\线下\3\500-collection\28602797.pdf,13,58187,text,
28641384.pdf,D:\论坛\线下\3\500-collection\28641384.pdf,15,44203,text,
28647352.pdf,D:\论坛\线下\3\500-collection\28647352.pdf,19,23003,text,
28696211.pdf,D:\论坛\线下\3\500-collection\28696211.pdf,54,70838,text,
28696585.pdf,D:\论坛\线下\3\500-collection\28696585.pdf,37,50325,text,
28711832.pdf,D:\论坛\线下\3\500-collection\28711832.pdf,33,51385,text,
28738422.pdf,D:\论坛\线下\3\500-collection\28738422.pdf,2,10442,text,
28790196.pdf,D:\论坛\线下\3\500-collection\28790196.pdf,11,65661,text,
28804034.pdf,D:\论坛\线下\3\500-collection\28804034.pdf,9,16101,text,
29020184.pdf,D:\论坛\线下\3\500-collection\29020184.pdf,9,47593,text,
29074587.pdf,D:\论坛\线下\3\500-collection\29074587.pdf,30,80504,text,
29083408.pdf,D:\论坛\线下\3\500-collection\29083408.pdf,14,87078,text,
29120784.pdf,D:\论坛\线下\3\500-collection\29120784.pdf,7,38001,text,
29279943.pdf,D:\论坛\线下\3\500-collection\29279943.pdf,10,40457,text,
29326427.pdf,D:\论坛\线下\3\500-collection\29326427.pdf,13,55269,text,
29336868.pdf,D:\论坛\线下\3\500-collection\29336868.pdf,7,56439,text,
29420235.pdf,D:\论坛\线下\3\500-collection\29420235.pdf,17,81624,text,
29420956.pdf,D:\论坛\线下\3\500-collection\29420956.pdf,11,49518,text,
29636509.pdf,D:\论坛\线下\3\500-collection\29636509.pdf,12,67143,text,
29705001.pdf,D:\论坛\线下\3\500-collection\29705001.pdf,22,54568,text,
29728206.pdf,D:\论坛\线下\3\500-collection\29728206.pdf,3,13659,text,
29739865.pdf,D:\论坛\线下\3\500-collection\29739865.pdf,26,49094,text,
29844063.pdf,D:\论坛\线下\3\500-collection\29844063.pdf,2,7704,text,
29845858.pdf,D:\论坛\线下\3\500-collection\29845858.pdf,37,71428,text,
29858567.pdf,D:\论坛\线下\3\500-collection\29858567.pdf,12,67898,text,
29866130.pdf,D:\论坛\线下\3\500-collection\29866130.pdf,13,65227,text,
29867233.pdf,D:\论坛\线下\3\500-collection\29867233.pdf,1,7055,text,
29925604.pdf,D:\论坛\线下\3\500-collection\29925604.pdf,10,74170,text,
29986954.pdf,D:\论坛\线下\3\500-collection\29986954.pdf,31,52108,text,
29986963.pdf,D:\论坛\线下\3\500-collection\29986963.pdf,4,12172,text,
29992631.pdf,D:\论坛\线下\3\500-collection\29992631.pdf,33,41710,text,
30004226.pdf,D:\论坛\线下\3\500-collection\30004226.pdf,22,105260,text,
30127035.pdf,D:\论坛\线下\3\500-collection\30127035.pdf,6,37006,text,
30238111.pdf,D:\论坛\线下\3\500-collection\30238111.pdf,40,68173,text,
30257381.pdf,D:\论坛\线下\3\500-collection\30257381.pdf,10,46598,text,
30301568.pdf,D:\论坛\线下\3\500-collection\30301568.pdf,9,49178,text,
30354205.pdf,D:\论坛\线下\3\500-collection\30354205.pdf,11,56952,text,
30428350.pdf,D:\论坛\线下\3\500-collection\30428350.pdf,18,71002,text,
30487528.pdf,D:\论坛\线下\3\500-collection\30487528.pdf,14,98185,text,
30521806.pdf,D:\论坛\线下\3\500-collection\30521806.pdf,1,15,possible_scan,
30551396.pdf,D:\论坛\线下\3\500-collection\30551396.pdf,9,30079,text,
30580239.pdf,D:\论坛\线下\3\500-collection\30580239.pdf,65,128224,text,
30643137.pdf,D:\论坛\线下\3\500-collection\30643137.pdf,14,74018,text,
30645169.pdf,D:\论坛\线下\3\500-collection\30645169.pdf,4,15208,text,
30664268.pdf,D:\论坛\线下\3\500-collection\30664268.pdf,29,45507,text,
30722063.pdf,D:\论坛\线下\3\500-collection\30722063.pdf,14,35268,text,
30723473.pdf,D:\论坛\线下\3\500-collection\30723473.pdf,11,54859,text,
30928526.pdf,D:\论坛\线下\3\500-collection\30928526.pdf,10,46944,text,
30975991.pdf,D:\论坛\线下\3\500-collection\30975991.pdf,14,83635,text,
30979957.pdf,D:\论坛\线下\3\500-collection\30979957.pdf,2,10634,text,
31004524.pdf,D:\论坛\线下\3\500-collection\31004524.pdf,34,61901,text,
31023098.pdf,D:\论坛\线下\3\500-collection\31023098.pdf,11,54905,text,
31051232.pdf,D:\论坛\线下\3\500-collection\31051232.pdf,13,66480,text,
31108350.pdf,D:\论坛\线下\3\500-collection\31108350.pdf,12,61994,text,
31117810.pdf,D:\论坛\线下\3\500-collection\31117810.pdf,10,57321,text,
31152787.pdf,D:\论坛\线下\3\500-collection\31152787.pdf,20,35834,text,
31334749.pdf,D:\论坛\线下\3\500-collection\31334749.pdf,3,12603,text,
31350818.pdf,D:\论坛\线下\3\500-collection\31350818.pdf,1,15,possible_scan,
31432066.pdf,D:\论坛\线下\3\500-collection\31432066.pdf,40,59032,text,
31432447.pdf,D:\论坛\线下\3\500-collection\31432447.pdf,9,30322,text,
31472391.pdf,D:\论坛\线下\3\500-collection\31472391.pdf,7,41439,text,
31552977.pdf,D:\论坛\线下\3\500-collection\31552977.pdf,38,63323,text,
31599200.pdf,D:\论坛\线下\3\500-collection\31599200.pdf,3,12259,text,
31683256.pdf,D:\论坛\线下\3\500-collection\31683256.pdf,32,51242,text,
31707943.pdf,D:\论坛\线下\3\500-collection\31707943.pdf,7,29589,text,
31712250.pdf,D:\论坛\线下\3\500-collection\31712250.pdf,26,40933,text,
31728063.pdf,D:\论坛\线下\3\500-collection\31728063.pdf,13,86706,text,
31739063.pdf,D:\论坛\线下\3\500-collection\31739063.pdf,51,59190,text,
31758647.pdf,D:\论坛\线下\3\500-collection\31758647.pdf,25,41409,text,
31867675.pdf,D:\论坛\线下\3\500-collection\31867675.pdf,15,77593,text,
31877545.pdf,D:\论坛\线下\3\500-collection\31877545.pdf,28,51586,text,
31914720.pdf,D:\论坛\线下\3\500-collection\31914720.pdf,13,50170,text,
31918273.pdf,D:\论坛\线下\3\500-collection\31918273.pdf,9,42060,text,
31930920.pdf,D:\论坛\线下\3\500-collection\31930920.pdf,43,248954,text,
31981522.pdf,D:\论坛\线下\3\500-collection\31981522.pdf,2,9427,text,
32000955.pdf,D:\论坛\线下\3\500-collection\32000955.pdf,13,58751,text,
32037232.pdf,D:\论坛\线下\3\500-collection\32037232.pdf,2,8820,text,
32100347.pdf,D:\论坛\线下\3\500-collection\32100347.pdf,2,9939,text,
32115688.pdf,D:\论坛\线下\3\500-collection\32115688.pdf,37,60952,text,
32152647.pdf,D:\论坛\线下\3\500-collection\32152647.pdf,10,47756,text,
32216897.pdf,D:\论坛\线下\3\500-collection\32216897.pdf,2,2758,text,
32219876.pdf,D:\论坛\线下\3\500-collection\32219876.pdf,3,4256,text,
32259482.pdf,D:\论坛\线下\3\500-collection\32259482.pdf,26,108161,text,
32317144.pdf,D:\论坛\线下\3\500-collection\32317144.pdf,14,116516,text,
32339574.pdf,D:\论坛\线下\3\500-collection\32339574.pdf,42,49961,text,
32413132.pdf,D:\论坛\线下\3\500-collection\32413132.pdf,11,53120,text,
32466906.pdf,D:\论坛\线下\3\500-collection\32466906.pdf,8,55937,text,
32589948.pdf,D:\论坛\线下\3\500-collection\32589948.pdf,3,15251,text,
32638417.pdf,D:\论坛\线下\3\500-collection\32638417.pdf,18,100816,text,
32865299.pdf,D:\论坛\线下\3\500-collection\32865299.pdf,16,76692,text,
32979417.pdf,D:\论坛\线下\3\500-collection\32979417.pdf,33,72713,text,
32981521.pdf,D:\论坛\线下\3\500-collection\32981521.pdf,11,50185,text,
33053939.pdf,D:\论坛\线下\3\500-collection\33053939.pdf,9,35779,text,
33142057.pdf,D:\论坛\线下\3\500-collection\33142057.pdf,16,87114,text,
33165813.pdf,D:\论坛\线下\3\500-collection\33165813.pdf,20,99892,text,
33219145.pdf,D:\论坛\线下\3\500-collection\33219145.pdf,36,53939,text,
33270924.pdf,D:\论坛\线下\3\500-collection\33270924.pdf,45,74626,text,
33340575.pdf,D:\论坛\线下\3\500-collection\33340575.pdf,10,15476,text,
33346905.pdf,D:\论坛\线下\3\500-collection\33346905.pdf,14,74216,text,
33401222.pdf,D:\论坛\线下\3\500-collection\33401222.pdf,15,43655,text,
33436178.pdf,D:\论坛\线下\3\500-collection\33436178.pdf,10,41578,text,
33529671.pdf,D:\论坛\线下\3\500-collection\33529671.pdf,2,11625,text,
33739219.pdf,D:\论坛\线下\3\500-collection\33739219.pdf,20,71230,text,
34017059.pdf,D:\论坛\线下\3\500-collection\34017059.pdf,14,87223,text,
34022606.pdf,D:\论坛\线下\3\500-collection\34022606.pdf,11,46954,text,
34022607.pdf,D:\论坛\线下\3\500-collection\34022607.pdf,14,57093,text,
34058443.pdf,D:\论坛\线下\3\500-collection\34058443.pdf,15,134298,text,
34145255.pdf,D:\论坛\线下\3\500-collection\34145255.pdf,8,47377,text,
34174143.pdf,D:\论坛\线下\3\500-collection\34174143.pdf,12,56491,text,
34209751.pdf,D:\论坛\线下\3\500-collection\34209751.pdf,23,89374,text,
34268791.pdf,D:\论坛\线下\3\500-collection\34268791.pdf,6,5311,text,
34325834.pdf,D:\论坛\线下\3\500-collection\34325834.pdf,3,12608,text,
34391097.pdf,D:\论坛\线下\3\500-collection\34391097.pdf,10,52511,text,
34543184.pdf,D:\论坛\线下\3\500-collection\34543184.pdf,33,140663,text,
34608663.pdf,D:\论坛\线下\3\500-collection\34608663.pdf,1,19,possible_scan,
34656031.pdf,D:\论坛\线下\3\500-collection\34656031.pdf,6,40607,text,
34665280.pdf,D:\论坛\线下\3\500-collection\34665280.pdf,1,15,possible_scan,
34758018.pdf,D:\论坛\线下\3\500-collection\34758018.pdf,34,112339,text,
34831289.pdf,D:\论坛\线下\3\500-collection\34831289.pdf,15,45617,text,
34887515.pdf,D:\论坛\线下\3\500-collection\34887515.pdf,34,155342,text,
35065923.pdf,D:\论坛\线下\3\500-collection\35065923.pdf,1,19,possible_scan,
35091300.pdf,D:\论坛\线下\3\500-collection\35091300.pdf,1,19,possible_scan,
35174767.pdf,D:\论坛\线下\3\500-collection\35174767.pdf,1,19,possible_scan,
35231696.pdf,D:\论坛\线下\3\500-collection\35231696.pdf,8,43168,text,
35263593.pdf,D:\论坛\线下\3\500-collection\35263593.pdf,1,19,possible_scan,
35524156.pdf,D:\论坛\线下\3\500-collection\35524156.pdf,13,71477,text,
35655263.pdf,D:\论坛\线下\3\500-collection\35655263.pdf,10,47495,text,
35671398.pdf,D:\论坛\线下\3\500-collection\35671398.pdf,1,19,possible_scan,
35899625.pdf,D:\论坛\线下\3\500-collection\35899625.pdf,16,71919,text,
35978143.pdf,D:\论坛\线下\3\500-collection\35978143.pdf,13,82642,text,
36138342.pdf,D:\论坛\线下\3\500-collection\36138342.pdf,14,50611,text,
36209972.pdf,D:\论坛\线下\3\500-collection\36209972.pdf,1,19,possible_scan,
36241614.pdf,D:\论坛\线下\3\500-collection\36241614.pdf,19,111053,text,
36253617.pdf,D:\论坛\线下\3\500-collection\36253617.pdf,1,15,possible_scan,
36329453.pdf,D:\论坛\线下\3\500-collection\36329453.pdf,10,40712,text,
36379916.pdf,D:\论坛\线下\3\500-collection\36379916.pdf,1,0,possible_scan,
36544761.pdf,D:\论坛\线下\3\500-collection\36544761.pdf,18,115145,text,
36842496.pdf,D:\论坛\线下\3\500-collection\36842496.pdf,13,58643,text,
36855099.pdf,D:\论坛\线下\3\500-collection\36855099.pdf,11,50332,text,
37317027.pdf,D:\论坛\线下\3\500-collection\37317027.pdf,15,56426,text,
37378635.pdf,D:\论坛\线下\3\500-collection\37378635.pdf,13,67095,text,
37408213.pdf,D:\论坛\线下\3\500-collection\37408213.pdf,19,80656,text,
37495999.pdf,D:\论坛\线下\3\500-collection\37495999.pdf,12,56111,text,
37537553.pdf,D:\论坛\线下\3\500-collection\37537553.pdf,9,33451,text,
37564657.pdf,D:\论坛\线下\3\500-collection\37564657.pdf,16,69859,text,
37580962.pdf,D:\论坛\线下\3\500-collection\37580962.pdf,23,92760,text,
37695493.pdf,D:\论坛\线下\3\500-collection\37695493.pdf,25,133017,text,
37899701.pdf,D:\论坛\线下\3\500-collection\37899701.pdf,14,50965,text,
38012141.pdf,D:\论坛\线下\3\500-collection\38012141.pdf,12,55139,text,
38250152.pdf,D:\论坛\线下\3\500-collection\38250152.pdf,21,75372,text,
38414015.pdf,D:\论坛\线下\3\500-collection\38414015.pdf,20,89435,text,
38474427.pdf,D:\论坛\线下\3\500-collection\38474427.pdf,23,74556,text,
38539208.pdf,D:\论坛\线下\3\500-collection\38539208.pdf,25,109273,text,
38563381.pdf,D:\论坛\线下\3\500-collection\38563381.pdf,4,12222,text,
38570069.pdf,D:\论坛\线下\3\500-collection\38570069.pdf,18,105408,text,
38710444.pdf,D:\论坛\线下\3\500-collection\38710444.pdf,16,72226,text,
38796310.pdf,D:\论坛\线下\3\500-collection\38796310.pdf,16,97418,text,
38831027.pdf,D:\论坛\线下\3\500-collection\38831027.pdf,7,11728,text,
39143573.pdf,D:\论坛\线下\3\500-collection\39143573.pdf,19,69270,text,
39277575.pdf,D:\论坛\线下\3\500-collection\39277575.pdf,25,79155,text,
39670881.pdf,D:\论坛\线下\3\500-collection\39670881.pdf,22,37976,text,
39774697.pdf,D:\论坛\线下\3\500-collection\39774697.pdf,13,69647,text,
39780204.pdf,D:\论坛\线下\3\500-collection\39780204.pdf,10,49351,text,
